allBurn,allMint,allowanceTotal,balanceOf,canTransfer,owner,spentTotal,,unlockTime,totalSupply,allowance
allBurn,allMint,allowanceTotal,balanceOf,owner,spentTotal,unlockTime,,totalSupply,allowance,canTransfer
allowance,balanceOf,owner,totalSupply,unlockTime,,canTransfer
allBurn,allMint,allowance,balanceOf,canTransfer,owner,,unlockTime,totalSupply
allowance,owner,totalBurn,totalIn,totalMint,totalOut,totalSupply,unlockTime,,balanceOf,canTransfer
allBurn,allMint,allowanceTotal,owner,spentTotal,totalBurn,totalIn,totalMint,totalOut,unlockTime,,totalSupply,balanceOf,allowance,canTransfer
allBurn,allMint,allowanceTotal,canTransfer,owner,spentTotal,totalBurn,totalIn,totalMint,totalOut,,unlockTime,totalSupply,balanceOf,allowance
allowanceTotal,owner,spentTotal,totalBurn,totalIn,totalMint,totalOut,totalSupply,unlockTime,,balanceOf,canTransfer,allowance
allowance,canTransfer,owner,totalBurn,totalIn,totalMint,totalOut,totalSupply,,unlockTime,balanceOf
allBurn,allMint,allowance,balanceOf,owner,unlockTime,,totalSupply,canTransfer
allowanceTotal,balanceOf,owner,spentTotal,totalSupply,unlockTime,,allowance,canTransfer
allBurn,allMint,allowance,owner,totalBurn,totalIn,totalMint,totalOut,unlockTime,,totalSupply,balanceOf,canTransfer
allBurn,allMint,allowance,canTransfer,owner,totalBurn,totalIn,totalMint,totalOut,,unlockTime,totalSupply,balanceOf
allowance,balanceOf,canTransfer,owner,totalSupply,,unlockTime
allowanceTotal,canTransfer,owner,spentTotal,totalBurn,totalIn,totalMint,totalOut,totalSupply,,unlockTime,balanceOf,allowance
allowanceTotal,balanceOf,canTransfer,owner,spentTotal,totalSupply,,unlockTime,allowance
